Workbook

Sheet Riepilogo
A1: ATLAS · stato del rilascio al 09/10/2026
A3: 1. A che punto siamo
A4: Consegna concordata | B4: =TEXT(DAY('Come leggerlo'!$B$6),"00")&"/"&TEXT(MONTH('Come leggerlo'!$B$6),"00")&"/"&YEAR('Come leggerlo'!$B$6) -> 13/10/2026
A5: Consegna prevista oggi | B5: ="tra il "&TEXT(DAY(I12),"00")&"/"&TEXT(MONTH(I12),"00")&" e il "&TEXT(DAY(I13),"00")&"/"&TEXT(MONTH(I13),"00") -> tra il 16/10 e il 23/10
A6: Ritardo | B6: =IF(J13=0,"nessuno","da "&J12&" a "&J13&" giorni lavorativi") -> da 3 a 8 giorni lavorativi
A7: La previsione vale solo se | B7: ="arrivano in tempo le "&ROWS($F$17:$F$20)&" cose richieste ad altri (punto 3). Oggi "&(COUNTIF($F$17:$F$20,"SCADUTA*")+COUNTIF($F$17:$F$20,"Scade oggi"))&" sono scadute o scadono oggi." -> arrivano in tempo le 4 cose richieste ad altri (punto 3). Oggi 2 sono scadute o scadono oggi.
A8: Dove va il tempo | B8: ="Dall'inizio del progetto "&(ROUND('Ore lavorate'!E8,0)+ROUND('Ore lavorate'!F8,0)+ROUND('Ore lavorate'!G8,0)+ROUND('Ore lavorate'!H8,0)+ROUND('Ore lavorate'!I8,0))&" ore lavorate: "&ROUND('Ore lavorate'!E8,0)&" architettura, "&ROUND('Ore lavorate'!F8,0)&" sviluppo, "&ROUND('Ore lavorate'!G8,0)&" deploy, "&ROUND('Ore lavorate'!H8,0)&" fuori perimetro, "&ROUND('Ore lavorate'!I8,0)&" fuori dal prodotto ("&ROUND('Ore lavorate'!I15*100,0)&"%: riunioni, reportistica, supporto, formazione)." -> Dall'inizio del progetto 119 ore lavorate: 19 architettura, 29 sviluppo, 2 deploy, 1 fuori perimetro, 68 fuori dal prodotto (57%: riunioni, reportistica, supporto, formazione).
A10: 2. Calcolo stima consegna
A11: Caso | B11: Voci che mancano | C11: Ore stimate che mancano | D11: Ore lavorate al giorno (media ultimi 3 giorni) | E11: meno ore fuori perimetro | F11: meno ore fuori dal prodotto | G11: Ore al giorno per il rilascio | H11: Giorni lavorativi necessari | I11: Consegna prevista | J11: Ritardo sulla consegna concordata
A12: Caso migliore | B12: =COUNTA(Attività!$A$12:$A$18) -> 7 | C12: =SUMPRODUCT(((Attività!$E$12:$E$18="S")*1+(Attività!$E$12:$E$18="M")*3+(Attività!$E$12:$E$18="L")*6+(Attività!$E$12:$E$18="XL")*13)) -> 29 | D12: =ROUND('Ore lavorate'!$D$5/NETWORKDAYS('Ore lavorate'!$B$5,'Ore lavorate'!$C$5),1) -> 8.5 | E12: =ROUND('Ore lavorate'!$H$5/NETWORKDAYS('Ore lavorate'!$B$5,'Ore lavorate'!$C$5),1) -> 0.3 | F12: =ROUND('Ore lavorate'!$I$5/NETWORKDAYS('Ore lavorate'!$B$5,'Ore lavorate'!$C$5),1) -> 3 | G12: =D12-E12-F12 -> 5.2 | H12: =ROUNDUP(C12/G12,0) -> 6 | I12: =WORKDAY('Come leggerlo'!$B$4-1,H12) -> 46311 | J12: =IF(I12>'Come leggerlo'!$B$6,NETWORKDAYS('Come leggerlo'!$B$6+1,I12),0) -> 3
A13: Caso peggiore | B13: =COUNTA(Attività!$A$12:$A$18) -> 7 | C13: =SUMPRODUCT(((Attività!$E$12:$E$18="S")*2+(Attività!$E$12:$E$18="M")*5+(Attività!$E$12:$E$18="L")*12+(Attività!$E$12:$E$18="XL")*40)) -> 57 | D13: =ROUND('Ore lavorate'!$D$5/NETWORKDAYS('Ore lavorate'!$B$5,'Ore lavorate'!$C$5),1) -> 8.5 | E13: =ROUND('Ore lavorate'!$H$5/NETWORKDAYS('Ore lavorate'!$B$5,'Ore lavorate'!$C$5),1) -> 0.3 | F13: =ROUND('Ore lavorate'!$I$5/NETWORKDAYS('Ore lavorate'!$B$5,'Ore lavorate'!$C$5),1) -> 3 | G13: =D13-E13-F13 -> 5.2 | H13: =ROUNDUP(C13/G13,0) -> 11 | I13: =WORKDAY('Come leggerlo'!$B$4-1,H13) -> 46318 | J13: =IF(I13>'Come leggerlo'!$B$6,NETWORKDAYS('Come leggerlo'!$B$6+1,I13),0) -> 8
A15: 3. Cosa serve da altri
A16: Cosa serve | B16: Da chi | C16: Richiesto il | D16: Giorni di attesa | E16: Serve entro | F16: Stato | G16: Voci bloccate | H16: Cosa succede se manca
A17: Risposta sul registro delle immagini | B17: team infrastruttura | C17: 46296 | D17: ='Come leggerlo'!$B$4-C17 -> 8 | E17: 46302 | F17: =IF(E17<'Come leggerlo'!$B$4,"SCADUTA da "&('Come leggerlo'!$B$4-E17)&IF('Come leggerlo'!$B$4-E17=1," giorno"," giorni"),IF(E17='Come leggerlo'!$B$4,"Scade oggi","Entro "&(E17-'Come leggerlo'!$B$4)&IF(E17-'Come leggerlo'!$B$4=1," giorno"," giorni"))) -> SCADUTA da 2 giorni | G17: CHG-022 | H17: le versioni non si possono costruire e rilasciare in automatico.
A18: Ambiente preprod | B18: team infrastruttura | C18: 46290 | D18: ='Come leggerlo'!$B$4-C18 -> 14 | E18: 46304 | F18: =IF(E18<'Come leggerlo'!$B$4,"SCADUTA da "&('Come leggerlo'!$B$4-E18)&IF('Come leggerlo'!$B$4-E18=1," giorno"," giorni"),IF(E18='Come leggerlo'!$B$4,"Scade oggi","Entro "&(E18-'Come leggerlo'!$B$4)&IF(E18-'Come leggerlo'!$B$4=1," giorno"," giorni"))) -> Scade oggi | G18: CHG-024 | H18: le modifiche non si possono verificare né chiudere, e la stima non vale più.
A19: Domande di benchmark | B19: team funzionale | C19: 46287 | D19: ='Come leggerlo'!$B$4-C19 -> 17 | E19: 46305 | F19: =IF(E19<'Come leggerlo'!$B$4,"SCADUTA da "&('Come leggerlo'!$B$4-E19)&IF('Come leggerlo'!$B$4-E19=1," giorno"," giorni"),IF(E19='Come leggerlo'!$B$4,"Scade oggi","Entro "&(E19-'Come leggerlo'!$B$4)&IF(E19-'Come leggerlo'!$B$4=1," giorno"," giorni"))) -> Entro 1 giorno | G19: nessuna | H19: la qualità delle risposte non si può valutare in modo oggettivo prima del rilascio.
A20: Glossario delle metriche | B20: team funzionale | C20: 46287 | D20: ='Come leggerlo'!$B$4-C20 -> 17 | E20: 46305 | F20: =IF(E20<'Come leggerlo'!$B$4,"SCADUTA da "&('Come leggerlo'!$B$4-E20)&IF('Come leggerlo'!$B$4-E20=1," giorno"," giorni"),IF(E20='Come leggerlo'!$B$4,"Scade oggi","Entro "&(E20-'Come leggerlo'!$B$4)&IF(E20-'Come leggerlo'!$B$4=1," giorno"," giorni"))) -> Entro 1 giorno | G20: nessuna (rallenta OD-109) | H20: gli indicatori restano definiti a ipotesi e vanno rivisti dopo il rilascio.
A22: 4. Avanzamento per tema
B23: Voci fatte | E23: Voci da fare
A24: Tema | B24: Finora | C24: Nell'aggiornamento precedente (06/10) | D24: In questo aggiornamento (07/10 e 08/10) | E24: Da fare oggi | F24: Variazione dall'aggiornamento precedente | G24: Ore stimate da fare
A25: Architettura | B25: =COUNTIF(Attività!$C$24:$C$30,A25) -> 2 | C25: 1 | D25: 0 | E25: =COUNTIF(Attività!$C$12:$C$18,A25) -> 4 | F25: =E25-3 -> 1 | G25: ="tra "&ROUND(SUMPRODUCT((Attività!$C$12:$C$18=A25)*((Attività!$E$12:$E$18="S")*1+(Attività!$E$12:$E$18="M")*3+(Attività!$E$12:$E$18="L")*6+(Attività!$E$12:$E$18="XL")*13)),1)&" e "&ROUND(SUMPRODUCT((Attività!$C$12:$C$18=A25)*((Attività!$E$12:$E$18="S")*2+(Attività!$E$12:$E$18="M")*5+(Attività!$E$12:$E$18="L")*12+(Attività!$E$12:$E$18="XL")*40)),1)&" ore" -> tra 19 e 38 ore
A26: Sviluppo | B26: =COUNTIF(Attività!$C$24:$C$30,A26) -> 4 | C26: 1 | D26: 1 | E26: =COUNTIF(Attività!$C$12:$C$18,A26) -> 1 | F26: =E26-3 -> -2 | G26: ="tra "&ROUND(SUMPRODUCT((Attività!$C$12:$C$18=A26)*((Attività!$E$12:$E$18="S")*1+(Attività!$E$12:$E$18="M")*3+(Attività!$E$12:$E$18="L")*6+(Attività!$E$12:$E$18="XL")*13)),1)&" e "&ROUND(SUMPRODUCT((Attività!$C$12:$C$18=A26)*((Attività!$E$12:$E$18="S")*2+(Attività!$E$12:$E$18="M")*5+(Attività!$E$12:$E$18="L")*12+(Attività!$E$12:$E$18="XL")*40)),1)&" ore" -> tra 6 e 12 ore
A27: Deploy | B27: =COUNTIF(Attività!$C$24:$C$30,A27) -> 1 | C27: 1 | D27: 0 | E27: =COUNTIF(Attività!$C$12:$C$18,A27) -> 2 | F27: =E27-2 -> 0 | G27: ="tra "&ROUND(SUMPRODUCT((Attività!$C$12:$C$18=A27)*((Attività!$E$12:$E$18="S")*1+(Attività!$E$12:$E$18="M")*3+(Attività!$E$12:$E$18="L")*6+(Attività!$E$12:$E$18="XL")*13)),1)&" e "&ROUND(SUMPRODUCT((Attività!$C$12:$C$18=A27)*((Attività!$E$12:$E$18="S")*2+(Attività!$E$12:$E$18="M")*5+(Attività!$E$12:$E$18="L")*12+(Attività!$E$12:$E$18="XL")*40)),1)&" ore" -> tra 4 e 7 ore
A28: Totale | B28: =SUM(B25:B27) -> 7 | C28: =SUM(C25:C27) -> 3 | D28: =SUM(D25:D27) -> 1 | E28: =SUM(E25:E27) -> 7 | F28: =SUM(F25:F27) -> -1 | G28: ="tra "&ROUND(SUMPRODUCT(((Attività!$E$12:$E$18="S")*1+(Attività!$E$12:$E$18="M")*3+(Attività!$E$12:$E$18="L")*6+(Attività!$E$12:$E$18="XL")*13)),1)&" e "&ROUND(SUMPRODUCT(((Attività!$E$12:$E$18="S")*2+(Attività!$E$12:$E$18="M")*5+(Attività!$E$12:$E$18="L")*12+(Attività!$E$12:$E$18="XL")*40)),1)&" ore" -> tra 29 e 57 ore
A30: 5. Ripartizione delle ore di progetto
A31: Tipo di ore | B31: Oggi (media ultimi 7 giorni) | C31: Ottimale per consegnare il 13/10 | D31: Differenza
A32: Architettura | B32: ='Ore lavorate'!$E$13 -> 0.10309278 | C32: =IF(SUMPRODUCT(((Attività!$E$12:$E$18="S")*1+(Attività!$E$12:$E$18="M")*3+(Attività!$E$12:$E$18="L")*6+(Attività!$E$12:$E$18="XL")*13))=0,0,MIN(1,(SUMPRODUCT(((Attività!$E$12:$E$18="S")*1+(Attività!$E$12:$E$18="M")*3+(Attività!$E$12:$E$18="L")*6+(Attività!$E$12:$E$18="XL")*13))/MAX(1,NETWORKDAYS('Come leggerlo'!$B$4,'Come leggerlo'!$B$6)))/('Ore lavorate'!$D$6/NETWORKDAYS('Ore lavorate'!$B$6,'Ore lavorate'!$C$6)))*SUMPRODUCT((Attività!$C$12:$C$18="Architettura")*((Attività!$E$12:$E$18="S")*1+(Attività!$E$12:$E$18="M")*3+(Attività!$E$12:$E$18="L")*6+(Attività!$E$12:$E$18="XL")*13))/SUMPRODUCT(((Attività!$E$12:$E$18="S")*1+(Attività!$E$12:$E$18="M")*3+(Attività!$E$12:$E$18="L")*6+(Attività!$E$12:$E$18="XL")*13))) -> 0.65292096 | D32: =C32-B32 -> 0.54982818
A33: Sviluppo | B33: ='Ore lavorate'!$F$13 -> 0.18556701 | C33: =IF(SUMPRODUCT(((Attività!$E$12:$E$18="S")*1+(Attività!$E$12:$E$18="M")*3+(Attività!$E$12:$E$18="L")*6+(Attività!$E$12:$E$18="XL")*13))=0,0,MIN(1,(SUMPRODUCT(((Attività!$E$12:$E$18="S")*1+(Attività!$E$12:$E$18="M")*3+(Attività!$E$12:$E$18="L")*6+(Attività!$E$12:$E$18="XL")*13))/MAX(1,NETWORKDAYS('Come leggerlo'!$B$4,'Come leggerlo'!$B$6)))/('Ore lavorate'!$D$6/NETWORKDAYS('Ore lavorate'!$B$6,'Ore lavorate'!$C$6)))*SUMPRODUCT((Attività!$C$12:$C$18="Sviluppo")*((Attività!$E$12:$E$18="S")*1+(Attività!$E$12:$E$18="M")*3+(Attività!$E$12:$E$18="L")*6+(Attività!$E$12:$E$18="XL")*13))/SUMPRODUCT(((Attività!$E$12:$E$18="S")*1+(Attività!$E$12:$E$18="M")*3+(Attività!$E$12:$E$18="L")*6+(Attività!$E$12:$E$18="XL")*13))) -> 0.20618557 | D33: =C33-B33 -> 0.020618557
A34: Deploy | B34: ='Ore lavorate'!$G$13 -> 0.030927835 | C34: =IF(SUMPRODUCT(((Attività!$E$12:$E$18="S")*1+(Attività!$E$12:$E$18="M")*3+(Attività!$E$12:$E$18="L")*6+(Attività!$E$12:$E$18="XL")*13))=0,0,MIN(1,(SUMPRODUCT(((Attività!$E$12:$E$18="S")*1+(Attività!$E$12:$E$18="M")*3+(Attività!$E$12:$E$18="L")*6+(Attività!$E$12:$E$18="XL")*13))/MAX(1,NETWORKDAYS('Come leggerlo'!$B$4,'Come leggerlo'!$B$6)))/('Ore lavorate'!$D$6/NETWORKDAYS('Ore lavorate'!$B$6,'Ore lavorate'!$C$6)))*SUMPRODUCT((Attività!$C$12:$C$18="Deploy")*((Attività!$E$12:$E$18="S")*1+(Attività!$E$12:$E$18="M")*3+(Attività!$E$12:$E$18="L")*6+(Attività!$E$12:$E$18="XL")*13))/SUMPRODUCT(((Attività!$E$12:$E$18="S")*1+(Attività!$E$12:$E$18="M")*3+(Attività!$E$12:$E$18="L")*6+(Attività!$E$12:$E$18="XL")*13))) -> 0.13745704 | D34: =C34-B34 -> 0.10652921
A35: Fuori perimetro | B35: ='Ore lavorate'!$H$13 -> 0.020618557 | C35: =IF(('Ore lavorate'!$H$13+'Ore lavorate'!$I$13)=0,0,(1-MIN(1,(SUMPRODUCT(((Attività!$E$12:$E$18="S")*1+(Attività!$E$12:$E$18="M")*3+(Attività!$E$12:$E$18="L")*6+(Attività!$E$12:$E$18="XL")*13))/MAX(1,NETWORKDAYS('Come leggerlo'!$B$4,'Come leggerlo'!$B$6)))/('Ore lavorate'!$D$6/NETWORKDAYS('Ore lavorate'!$B$6,'Ore lavorate'!$C$6))))*'Ore lavorate'!$H$13/('Ore lavorate'!$H$13+'Ore lavorate'!$I$13)) -> 0.00010413412 | D35: =C35-B35 -> -0.020514423
A36: Fuori dal prodotto | B36: ='Ore lavorate'!$I$13 -> 0.65979381 | C36: =IF(('Ore lavorate'!$H$13+'Ore lavorate'!$I$13)=0,0,(1-MIN(1,(SUMPRODUCT(((Attività!$E$12:$E$18="S")*1+(Attività!$E$12:$E$18="M")*3+(Attività!$E$12:$E$18="L")*6+(Attività!$E$12:$E$18="XL")*13))/MAX(1,NETWORKDAYS('Come leggerlo'!$B$4,'Come leggerlo'!$B$6)))/('Ore lavorate'!$D$6/NETWORKDAYS('Ore lavorate'!$B$6,'Ore lavorate'!$C$6))))*'Ore lavorate'!$I$13/('Ore lavorate'!$H$13+'Ore lavorate'!$I$13)) -> 0.003332292 | D36: =C36-B36 -> -0.65646152
A37: Totale | B37: =SUM(B32:B36) -> 1 | C37: =SUM(C32:C36) -> 1

Sheet Attività
A1: Attività
A3: 1. Prossimi giorni
A4: Voce | B4: Titolo | C4: Tema | D4: Tipo | E4: Taglia | F4: Ore stimate | G4: Ore effettive | H4: Stato | I4: Che cos'è
A5: CHG-018 | B5: isolamento dei dati per cliente | C5: Sviluppo | D5: Modifica al prodotto | E5: L | F5: tra 6 e 12 ore | H5: In programma il 09/10, 5 ore: prosegue, chiusura prevista il 12/10 | I5: ogni cliente ha un archivio dati separato e il sistema apre solo quello indicato dal permesso di accesso dell'utente.
A6: CHG-018 | B6: isolamento dei dati per cliente | C6: Sviluppo | D6: Modifica al prodotto | E6: L | F6: tra 6 e 12 ore | H6: In programma il 12/10, 2 ore: chiusura | I6: ogni cliente ha un archivio dati separato e il sistema apre solo quello indicato dal permesso di accesso dell'utente.
A7: OD-120 | B7: formati dei dati in ingresso | C7: Architettura | D7: Decisione da prendere | E7: L | F7: tra 6 e 12 ore | H7: In programma il 12/10, 3 ore: inizio, prosegue nei giorni successivi | I7: quali formati di file lo strumento di caricamento deve saper leggere.
A10: 2. Da fare nel perimetro del rilascio
A11: Voce | B11: Titolo | C11: Tema | D11: Tipo | E11: Taglia | F11: Ore stimate | G11: Ore effettive | H11: Stato | I11: Che cos'è
A12: CHG-018 | B12: isolamento dei dati per cliente | C12: Sviluppo | D12: Modifica al prodotto | E12: L | F12: tra 6 e 12 ore | H12: In corso: 4 ore già lavorate | I12: ogni cliente ha un archivio dati separato e il sistema apre solo quello indicato dal permesso di accesso dell'utente.
A13: OD-120 | B13: formati dei dati in ingresso | C13: Architettura | D13: Decisione da prendere | E13: L | F13: tra 6 e 12 ore | H13: Da iniziare | I13: quali formati di file lo strumento di caricamento deve saper leggere.
A14: OD-121 | B14: frequenza dei caricamenti | C14: Architettura | D14: Decisione da prendere | E14: L | F14: tra 6 e 12 ore | H14: Da iniziare | I14: ogni quanto vengono caricati i dati dei clienti, e quindi quanto sono recenti.
A15: OD-109 | B15: risposta alle domande non coperte | C15: Architettura | D15: Decisione da prendere | E15: L | F15: tra 6 e 12 ore | H15: Rallentata: manca il glossario delle metriche | I15: come si comporta il sistema davanti a una domanda a cui non sa rispondere con un numero garantito: rifiuta, avvisa o risponde comunque.
A16: OD-115 | B16: formato dei messaggi di errore | C16: Architettura | D16: Decisione da prendere | E16: S | F16: tra 1 e 2 ore | H16: Da iniziare | I16: cosa vede l'utente quando una richiesta non va a buon fine, e quali dettagli tecnici restano solo nei log.
A17: CHG-022 | B17: etichette di versione per il rilascio | C17: Deploy | D17: Modifica al prodotto | E17: S | F17: tra 1 e 2 ore | H17: Bloccata: manca la risposta sul registro delle immagini | I17: l'etichetta di versione che fa partire in automatico la costruzione e il rilascio in un ambiente.
A18: CHG-024 | B18: primo rilascio in preprod | C18: Deploy | D18: Modifica al prodotto | E18: M | F18: tra 3 e 5 ore | H18: Bloccata: manca l'ambiente preprod | I18: la prima installazione della nuova versione nell'ambiente di prova che replica la produzione, dove si verifica prima di rilasciare.
A19: =COUNTA(A12:A18)&" voci" -> 7 voci | B19: Totale | F19: ="tra "&ROUND(SUMPRODUCT(((Attività!$E$12:$E$18="S")*1+(Attività!$E$12:$E$18="M")*3+(Attività!$E$12:$E$18="L")*6+(Attività!$E$12:$E$18="XL")*13)),1)&" e "&ROUND(SUMPRODUCT(((Attività!$E$12:$E$18="S")*2+(Attività!$E$12:$E$18="M")*5+(Attività!$E$12:$E$18="L")*12+(Attività!$E$12:$E$18="XL")*40)),1)&" ore" -> tra 29 e 57 ore
A22: 3. Fatto nel perimetro del rilascio
A23: Voce | B23: Titolo | C23: Tema | D23: Tipo | E23: Taglia | F23: Ore stimate | G23: Ore effettive | H23: Stato | I23: Che cos'è
A24: CHG-012 | B24: repository unica | C24: Sviluppo | D24: Modifica al prodotto | E24: L | F24: tra 6 e 12 ore | G24: 12 | H24: Chiusa il 24/09 | I24: il codice di più repository separate riunito in una sola, con una struttura che permette di estrarne un componente senza riscriverlo.
A25: DEC-019 | B25: un archivio dati per cliente | C25: Architettura | D25: Decisione presa | E25: XL | F25: tra 13 e 40 ore | G25: 14 | H25: Chiusa il 29/09 | I25: ogni cliente ha un archivio fisicamente separato, invece di un archivio unico filtrato per cliente.
A26: CHG-015 | B26: login con servizio esterno | C26: Sviluppo | D26: Modifica al prodotto | E26: L | F26: tra 6 e 12 ore | G26: 8 | H26: Chiusa il 01/10 | I26: l'autenticazione degli utenti affidata a un servizio esterno specializzato, invece di gestire le password in proprio.
A27: DEC-026 | B27: come il sistema capisce quale indicatore gli viene chiesto | C27: Architettura | D27: Decisione presa | E27: S | F27: tra 1 e 2 ore | G27: 5 | H27: Chiusa il 06/10, chiude OD-114 | I27: la regola con cui una domanda in linguaggio naturale viene ricondotta a un indicatore definito, da cui dipende che il numero in risposta sia quello giusto.
A28: CHG-017 | B28: scambio del permesso di accesso al login | C28: Sviluppo | D28: Modifica al prodotto | E28: M | F28: tra 3 e 5 ore | G28: 3 | H28: Chiusa il 06/10 | I28: dopo il login il sistema rilascia un proprio permesso che indica a quale cliente appartiene l'utente, ed è ciò che impedisce a un cliente di vedere i dati di un altro.
A29: CHG-019 | B29: flusso di rilascio | C29: Deploy | D29: Modifica al prodotto | E29: S | F29: tra 1 e 2 ore | G29: 1.5 | H29: Chiusa il 06/10 | I29: la sequenza fissa di passi con cui una versione del codice arriva in un ambiente, senza interventi manuali che cambiano ogni volta.
A30: KI-013 | B30: tempo massimo superato sulle domande lunghe | C30: Sviluppo | D30: Problema noto | E30: M | F30: tra 3 e 5 ore | G30: 2 | H30: Risolto il 07/10 | I30: le domande che richiedono molti passaggi di calcolo superavano il tempo massimo e l'utente non riceveva risposta.
A31: =COUNTA(A24:A30)&" voci" -> 7 voci | B31: Totale | G31: =SUM(G24:G30) -> 45.5
A34: 4. Fuori perimetro
A35: Voce | B35: Titolo | C35: Tema | D35: Tipo | E35: Taglia | F35: Ore stimate | G35: Ore effettive | H35: Stato | I35: Che cos'è
A36: CHG-021 | B36: avviso di caricamento in corso | C36: Sviluppo | D36: Modifica al prodotto | E36: M | F36: tra 3 e 5 ore | H36: Fuori perimetro dal 09/10: nessuna risposta sulla decisione OD-116, applicato il default | I36: quando un caricamento dati è in corso la richiesta attende per un tempo limitato e poi avvisa l'utente di riprovare, invece di restituire dati incompleti.
A37: OD-076 | B37: custodia del permesso di accesso lato server | C37: Architettura | D37: Decisione da prendere | F37: da stimare | H37: Fuori perimetro: miglioria di sicurezza prevista dopo il rilascio | I37: spostare la custodia del permesso dal browser a un componente lato server, per ridurre l'esposizione in caso di attacco al browser.
A38: INC-040 | B38: servizio condiviso per i permessi di accesso | C38: Sviluppo | D38: Evoluzione futura | F38: da stimare | H38: Fuori perimetro: serve quando ci sarà un secondo prodotto | I38: un unico servizio che rilascia i permessi per tutti i prodotti, al posto del modulo interno a un solo prodotto.
A39: INC-041 | B39: rilevamento delle anomalie | C39: Sviluppo | D39: Evoluzione futura | F39: da stimare | H39: Fuori perimetro: previsto nell'architettura futura | I39: segnalazione automatica dei valori che si discostano dall'andamento atteso.
A40: =COUNTA(A36:A39)&" voci" -> 4 voci | B40: Non entrano nella stima
A42: Ore effettive: solo per le voci chiuse. Le ore lavorate sulle voci aperte sono nella colonna Stato.

Sheet Ore lavorate
A1: Ore lavorate
A3: 1. Ore per periodo
A4: Periodo | B4: Dal | C4: Al | D4: Ore totali | E4: Architettura | F4: Sviluppo | G4: Deploy | H4: Fuori perimetro | I4: Fuori dal prodotto | J4: Media al giorno sul rilascio
A5: Ultimi 3 giorni lavorativi | B5: =WORKDAY('Come leggerlo'!$B$4,-3) -> 46301 | C5: ='Come leggerlo'!$B$4-1 -> 46303 | D5: =SUMIFS('Ore lavorate'!$C$30:$C$46,'Ore lavorate'!$B$30:$B$46,">="&$B5,'Ore lavorate'!$B$30:$B$46,"<="&$C5) -> 25.5 | E5: =SUMIFS('Ore lavorate'!$D$30:$D$46,'Ore lavorate'!$B$30:$B$46,">="&$B5,'Ore lavorate'!$B$30:$B$46,"<="&$C5) -> 5 | F5: =SUMIFS('Ore lavorate'!$E$30:$E$46,'Ore lavorate'!$B$30:$B$46,">="&$B5,'Ore lavorate'!$B$30:$B$46,"<="&$C5) -> 9 | G5: =SUMIFS('Ore lavorate'!$F$30:$F$46,'Ore lavorate'!$B$30:$B$46,">="&$B5,'Ore lavorate'!$B$30:$B$46,"<="&$C5) -> 1.5 | H5: =SUMIFS('Ore lavorate'!$G$30:$G$46,'Ore lavorate'!$B$30:$B$46,">="&$B5,'Ore lavorate'!$B$30:$B$46,"<="&$C5) -> 1 | I5: =SUMIFS('Ore lavorate'!$H$30:$H$46,'Ore lavorate'!$B$30:$B$46,">="&$B5,'Ore lavorate'!$B$30:$B$46,"<="&$C5) -> 9 | J5: =(E5+F5+G5)/NETWORKDAYS(MAX(B5,'Come leggerlo'!$B$7),C5) -> 5.1666667
A6: Ultimi 7 giorni | B6: ='Come leggerlo'!$B$4-7 -> 46297 | C6: ='Come leggerlo'!$B$4-1 -> 46303 | D6: =SUMIFS('Ore lavorate'!$C$30:$C$46,'Ore lavorate'!$B$30:$B$46,">="&$B6,'Ore lavorate'!$B$30:$B$46,"<="&$C6) -> 48.5 | E6: =SUMIFS('Ore lavorate'!$D$30:$D$46,'Ore lavorate'!$B$30:$B$46,">="&$B6,'Ore lavorate'!$B$30:$B$46,"<="&$C6) -> 5 | F6: =SUMIFS('Ore lavorate'!$E$30:$E$46,'Ore lavorate'!$B$30:$B$46,">="&$B6,'Ore lavorate'!$B$30:$B$46,"<="&$C6) -> 9 | G6: =SUMIFS('Ore lavorate'!$F$30:$F$46,'Ore lavorate'!$B$30:$B$46,">="&$B6,'Ore lavorate'!$B$30:$B$46,"<="&$C6) -> 1.5 | H6: =SUMIFS('Ore lavorate'!$G$30:$G$46,'Ore lavorate'!$B$30:$B$46,">="&$B6,'Ore lavorate'!$B$30:$B$46,"<="&$C6) -> 1 | I6: =SUMIFS('Ore lavorate'!$H$30:$H$46,'Ore lavorate'!$B$30:$B$46,">="&$B6,'Ore lavorate'!$B$30:$B$46,"<="&$C6) -> 32 | J6: =(E6+F6+G6)/NETWORKDAYS(MAX(B6,'Come leggerlo'!$B$7),C6) -> 3.1
A7: Ultimi 30 giorni | B7: ='Come leggerlo'!$B$4-30 -> 46274 | C7: ='Come leggerlo'!$B$4-1 -> 46303 | D7: =SUMIFS('Ore lavorate'!$C$30:$C$46,'Ore lavorate'!$B$30:$B$46,">="&$B7,'Ore lavorate'!$B$30:$B$46,"<="&$C7) -> 118.5 | E7: =SUMIFS('Ore lavorate'!$D$30:$D$46,'Ore lavorate'!$B$30:$B$46,">="&$B7,'Ore lavorate'!$B$30:$B$46,"<="&$C7) -> 19 | F7: =SUMIFS('Ore lavorate'!$E$30:$E$46,'Ore lavorate'!$B$30:$B$46,">="&$B7,'Ore lavorate'!$B$30:$B$46,"<="&$C7) -> 29 | G7: =SUMIFS('Ore lavorate'!$F$30:$F$46,'Ore lavorate'!$B$30:$B$46,">="&$B7,'Ore lavorate'!$B$30:$B$46,"<="&$C7) -> 1.5 | H7: =SUMIFS('Ore lavorate'!$G$30:$G$46,'Ore lavorate'!$B$30:$B$46,">="&$B7,'Ore lavorate'!$B$30:$B$46,"<="&$C7) -> 1 | I7: =SUMIFS('Ore lavorate'!$H$30:$H$46,'Ore lavorate'!$B$30:$B$46,">="&$B7,'Ore lavorate'!$B$30:$B$46,"<="&$C7) -> 68 | J7: =(E7+F7+G7)/NETWORKDAYS(MAX(B7,'Come leggerlo'!$B$7),C7) -> 3.8076923
A8: Dall'inizio del progetto | B8: ='Come leggerlo'!$B$7 -> 46287 | C8: ='Come leggerlo'!$B$4-1 -> 46303 | D8: =SUMIFS('Ore lavorate'!$C$30:$C$46,'Ore lavorate'!$B$30:$B$46,">="&$B8,'Ore lavorate'!$B$30:$B$46,"<="&$C8) -> 118.5 | E8: =SUMIFS('Ore lavorate'!$D$30:$D$46,'Ore lavorate'!$B$30:$B$46,">="&$B8,'Ore lavorate'!$B$30:$B$46,"<="&$C8) -> 19 | F8: =SUMIFS('Ore lavorate'!$E$30:$E$46,'Ore lavorate'!$B$30:$B$46,">="&$B8,'Ore lavorate'!$B$30:$B$46,"<="&$C8) -> 29 | G8: =SUMIFS('Ore lavorate'!$F$30:$F$46,'Ore lavorate'!$B$30:$B$46,">="&$B8,'Ore lavorate'!$B$30:$B$46,"<="&$C8) -> 1.5 | H8: =SUMIFS('Ore lavorate'!$G$30:$G$46,'Ore lavorate'!$B$30:$B$46,">="&$B8,'Ore lavorate'!$B$30:$B$46,"<="&$C8) -> 1 | I8: =SUMIFS('Ore lavorate'!$H$30:$H$46,'Ore lavorate'!$B$30:$B$46,">="&$B8,'Ore lavorate'!$B$30:$B$46,"<="&$C8) -> 68 | J8: =(E8+F8+G8)/NETWORKDAYS(MAX(B8,'Come leggerlo'!$B$7),C8) -> 3.8076923
A10: 2. Come si dividono le ore, in percentuale
A11: Periodo | B11: Dal | C11: Al | D11: Ore totali | E11: Architettura | F11: Sviluppo | G11: Deploy | H11: Fuori perimetro | I11: Fuori dal prodotto
A12: =A5 -> Ultimi 3 giorni lavorativi | B12: =B5 -> 46301 | C12: =C5 -> 46303 | D12: =D5 -> 25.5 | E12: =IF($D5=0,0,E5/$D5) -> 0.19607843 | F12: =IF($D5=0,0,F5/$D5) -> 0.35294118 | G12: =IF($D5=0,0,G5/$D5) -> 0.058823529 | H12: =IF($D5=0,0,H5/$D5) -> 0.039215686 | I12: =IF($D5=0,0,I5/$D5) -> 0.35294118
A13: =A6 -> Ultimi 7 giorni | B13: =B6 -> 46297 | C13: =C6 -> 46303 | D13: =D6 -> 48.5 | E13: =IF($D6=0,0,E6/$D6) -> 0.10309278 | F13: =IF($D6=0,0,F6/$D6) -> 0.18556701 | G13: =IF($D6=0,0,G6/$D6) -> 0.030927835 | H13: =IF($D6=0,0,H6/$D6) -> 0.020618557 | I13: =IF($D6=0,0,I6/$D6) -> 0.65979381
A14: =A7 -> Ultimi 30 giorni | B14: =B7 -> 46274 | C14: =C7 -> 46303 | D14: =D7 -> 118.5 | E14: =IF($D7=0,0,E7/$D7) -> 0.16033755 | F14: =IF($D7=0,0,F7/$D7) -> 0.24472574 | G14: =IF($D7=0,0,G7/$D7) -> 0.012658228 | H14: =IF($D7=0,0,H7/$D7) -> 0.0084388186 | I14: =IF($D7=0,0,I7/$D7) -> 0.57383966
A15: =A8 -> Dall'inizio del progetto | B15: =B8 -> 46287 | C15: =C8 -> 46303 | D15: =D8 -> 118.5 | E15: =IF($D8=0,0,E8/$D8) -> 0.16033755 | F15: =IF($D8=0,0,F8/$D8) -> 0.24472574 | G15: =IF($D8=0,0,G8/$D8) -> 0.012658228 | H15: =IF($D8=0,0,H8/$D8) -> 0.0084388186 | I15: =IF($D8=0,0,I8/$D8) -> 0.57383966
A18: 3. Dove vanno le ore fuori dal prodotto
A19: Categoria | B19: Ore dall'inizio | C19: Ultimi 7 giorni
A20: Supporto alla demo e alla produzione | B20: =SUM('Ore lavorate'!$I$30:$I$46) -> 28 | C20: =SUMIFS('Ore lavorate'!$I$30:$I$46,'Ore lavorate'!$B$30:$B$46,">="&$B$6,'Ore lavorate'!$B$30:$B$46,"<="&$C$6) -> 14
A21: Reportistica e presentazioni di stato | B21: =SUM('Ore lavorate'!$J$30:$J$46) -> 13 | C21: =SUMIFS('Ore lavorate'!$J$30:$J$46,'Ore lavorate'!$B$30:$B$46,">="&$B$6,'Ore lavorate'!$B$30:$B$46,"<="&$C$6) -> 8
A22: Riunioni | B22: =SUM('Ore lavorate'!$K$30:$K$46) -> 16 | C22: =SUMIFS('Ore lavorate'!$K$30:$K$46,'Ore lavorate'!$B$30:$B$46,">="&$B$6,'Ore lavorate'!$B$30:$B$46,"<="&$C$6) -> 6
A23: Solleciti e accessi infrastruttura | B23: =SUM('Ore lavorate'!$L$30:$L$46) -> 6 | C23: =SUMIFS('Ore lavorate'!$L$30:$L$46,'Ore lavorate'!$B$30:$B$46,">="&$B$6,'Ore lavorate'!$B$30:$B$46,"<="&$C$6) -> 1
A24: Formazione del junior | B24: =SUM('Ore lavorate'!$M$30:$M$46) -> 5 | C24: =SUMIFS('Ore lavorate'!$M$30:$M$46,'Ore lavorate'!$B$30:$B$46,">="&$B$6,'Ore lavorate'!$B$30:$B$46,"<="&$C$6) -> 3
A25: Totale | B25: =SUM(B20:B24) -> 68 | C25: =SUM(C20:C24) -> 32
A27: 4. Giorno per giorno, dall'inizio del progetto
D28: Sul rilascio | I28: di cui fuori dal prodotto
A29: Giorno | B29: Data | C29: Ore totali | D29: Architettura | E29: Sviluppo | F29: Deploy | G29: Fuori perimetro | H29: Fuori dal prodotto | I29: Supporto | J29: Reportistica | K29: Riunioni | L29: Solleciti | M29: Formazione
A30: mar 22/09 | B30: 46287 | C30: =SUM(D30:H30) -> 8 | D30: 0 | E30: 4 | F30: 0 | G30: 0 | H30: =SUM(I30:M30) -> 4 | I30: 0 | J30: 0 | K30: 2 | L30: 2 | M30: 0
A31: mer 23/09 | B31: 46288 | C31: =SUM(D31:H31) -> 8 | D31: 0 | E31: 4 | F31: 0 | G31: 0 | H31: =SUM(I31:M31) -> 4 | I31: 0 | J31: 0 | K31: 1 | L31: 2 | M31: 1
A32: gio 24/09 | B32: 46289 | C32: =SUM(D32:H32) -> 8 | D32: 0 | E32: 4 | F32: 0 | G32: 0 | H32: =SUM(I32:M32) -> 4 | I32: 3 | J32: 0 | K32: 1 | L32: 0 | M32: 0
A33: ven 25/09 | B33: 46290 | C33: =SUM(D33:H33) -> 9 | D33: 3 | E33: 0 | F33: 0 | G33: 0 | H33: =SUM(I33:M33) -> 6 | I33: 4 | J33: 0 | K33: 2 | L33: 0 | M33: 0
A34: sab 26/09 | B34: 46291 | C34: =SUM(D34:H34) -> 3 | D34: 3 | E34: 0 | F34: 0 | G34: 0 | H34: =SUM(I34:M34) -> 0 | I34: 0 | J34: 0 | K34: 0 | L34: 0 | M34: 0
A35: dom 27/09 | B35: 46292 | C35: =SUM(D35:H35) -> 0 | D35: 0 | E35: 0 | F35: 0 | G35: 0 | H35: =SUM(I35:M35) -> 0 | I35: 0 | J35: 0 | K35: 0 | L35: 0 | M35: 0
A36: lun 28/09 | B36: 46293 | C36: =SUM(D36:H36) -> 9 | D36: 4 | E36: 0 | F36: 0 | G36: 0 | H36: =SUM(I36:M36) -> 5 | I36: 4 | J36: 0 | K36: 1 | L36: 0 | M36: 0
A37: mar 29/09 | B37: 46294 | C37: =SUM(D37:H37) -> 9 | D37: 4 | E37: 0 | F37: 0 | G37: 0 | H37: =SUM(I37:M37) -> 5 | I37: 0 | J37: 3 | K37: 1 | L37: 0 | M37: 1
A38: mer 30/09 | B38: 46295 | C38: =SUM(D38:H38) -> 8 | D38: 0 | E38: 4 | F38: 0 | G38: 0 | H38: =SUM(I38:M38) -> 4 | I38: 0 | J38: 2 | K38: 1 | L38: 1 | M38: 0
A39: gio 01/10 | B39: 46296 | C39: =SUM(D39:H39) -> 8 | D39: 0 | E39: 4 | F39: 0 | G39: 0 | H39: =SUM(I39:M39) -> 4 | I39: 3 | J39: 0 | K39: 1 | L39: 0 | M39: 0
A40: ven 02/10 | B40: 46297 | C40: =SUM(D40:H40) -> 8 | D40: 0 | E40: 0 | F40: 0 | G40: 0 | H40: =SUM(I40:M40) -> 8 | I40: 5 | J40: 0 | K40: 2 | L40: 0 | M40: 1
A41: sab 03/10 | B41: 46298 | C41: =SUM(D41:H41) -> 4 | D41: 0 | E41: 0 | F41: 0 | G41: 0 | H41: =SUM(I41:M41) -> 4 | I41: 0 | J41: 4 | K41: 0 | L41: 0 | M41: 0
... A46: gio 08/10 | B46: 46303 | C46: =SUM(D46:H46) -> 7 | D46: 0 | E46: 4 | F46: 0 | G46: 1 | H46: =SUM(I46:M46) -> 2 | I46: 0 | J46: 0 | K46: 1 | L46: 1 | M46: 0
A47: I giorni in rosso sono sabato e domenica.

Sheet Come leggerlo
A1: Come leggere questo file
A3: Date di riferimento
A4: Data di questo aggiornamento | B4: 46304
A5: Aggiornamento precedente | B5: 46302
A6: Consegna concordata | B6: 46308
A7: Inizio del progetto | B7: 46287
A8: Prossimo aggiornamento | B8: 46307
A10: Tipi di voce
A11: Decisione da prendere (OD) | B11: Una scelta tecnica ancora aperta. Finché non è presa, il lavoro che dipende da lei non può partire.
A12: Decisione presa (DEC) | B12: Una scelta tecnica chiusa e messa per iscritto.
A13: Modifica al prodotto (CHG) | B13: Un intervento autorizzato sul codice o sugli ambienti.
A14: Problema noto (KI) | B14: Un difetto conosciuto, da correggere.
A15: Evoluzione futura (INC) | B15: Una capacità prevista per dopo questo rilascio.
A17: Taglie (stima delle ore per una voce)
A18: S | B18: da 1 a 2 ore
A19: M | B19: da 3 a 5 ore
A20: L | B20: da 6 a 12 ore
A21: XL | B21: da 13 a 40 ore. Troppo grande per essere stimata bene: va spezzata in voci più piccole.
A23: Stati di una voce da fare
A24: Da iniziare | B24: Pronta, aspetta il suo turno.
A25: In corso | B25: Ci sto lavorando.
A26: Rallentata | B26: Si può fare, ma senza qualcosa che deve arrivare da altri il risultato andrà rivisto.
A27: Bloccata | B27: Non si può fare finché non arriva qualcosa da altri. Il motivo è sempre scritto accanto.
A29: Tipi di ore
A30: Architettura | B30: Decidere come è fatto il sistema: scelte tecniche, disegno, prove per decidere.
A31: Sviluppo | B31: Scrivere e correggere il codice del prodotto.
A32: Deploy | B32: Portare il prodotto negli ambienti: costruzione delle versioni, rilascio, configurazione.
A33: Fuori perimetro | B33: Lavoro sul prodotto, ma su voci previste per dopo questo rilascio.
A34: Fuori dal prodotto | B34: Riunioni, reportistica, supporto alla demo e alla produzione, formazione, solleciti.
A36: Regole dei numeri
A37: Perimetro | B37: Ciò che deve esserci nel rilascio concordato. Le voci fuori perimetro sono elencate ma non entrano nella stima.
A38: Ore stimate | B38: Sono sempre un intervallo, dalla somma delle taglie più piccole a quella delle più grandi.
A39: Voci in corso | B39: Una voce resta stimata per intero finché non si chiude. Le ore già spese sono indicate a parte.
A40: Stima di consegna | B40: Spiegata nel Riepilogo, al punto 2.
A42: Domande e chiarimenti
A43: Come chiedere | B43: Per un dubbio su una riga, un commento sulla cella o una mail: rispondo per iscritto entro il giorno lavorativo successivo.
